,dataid,city,state
0,2836,Austin,Texas
1,2743,Austin,Texas
2,5323,Austin,Texas
3,8560,Austin,Texas
4,3313,Austin,Texas
5,5052,Austin,Texas
6,3936,Austin,Texas
7,1622,Austin,Texas
8,1114,Austin,Texas
9,5433,Austin,Texas
10,1101,Austin,Texas
11,8872,Austin,Texas
12,1464,Austin,Texas
13,3824,Austin,Texas
14,78,Austin,Texas
15,8047,Austin,Texas
16,5839,Austin,Texas
17,1050,Austin,Texas
18,8597,Austin,Texas
19,7982,Austin,Texas
20,7057,Austin,Texas
21,3192,Austin,Texas
22,1790,Austin,Texas
23,3577,Austin,Texas
24,8890,Austin,Texas
25,6830,Austin,Texas
26,2575,Austin,Texas
27,5785,Austin,Texas
28,3544,Austin,Texas
29,1800,Austin,Texas
30,5193,Austin,Texas
31,4447,Austin,Texas
32,2638,Austin,Texas
33,2337,Austin,Texas
34,6423,Austin,Texas
35,4590,Austin,Texas
36,1801,Austin,Texas
37,18,Austin,Texas
38,35,Austin,Texas
39,114,Austin,Texas
40,370,Austin,Texas
41,545,Austin,Texas
42,585,Austin,Texas
43,661,Austin,Texas
44,744,Austin,Texas
45,964,Austin,Texas
46,1185,Austin,Texas
47,1192,Austin,Texas
48,1463,Austin,Texas
49,1642,Austin,Texas
50,1718,Austin,Texas
51,1852,Austin,Texas
52,2018,Austin,Texas
53,2129,Austin,Texas
54,2233,Austin,Texas
55,2335,Austin,Texas
56,2345,Austin,Texas
57,2461,Austin,Texas
58,2645,Austin,Texas
59,2653,Austin,Texas
60,2814,Austin,Texas
61,2818,Austin,Texas
62,2859,Austin,Texas
63,2945,Austin,Texas
64,3009,Austin,Texas
65,3039,Austin,Texas
66,3456,Austin,Texas
67,3482,Austin,Texas
68,3739,Austin,Texas
69,3918,Austin,Texas
70,3967,Austin,Texas
71,4031,Austin,Texas
72,4228,Austin,Texas
73,4336,Austin,Texas
74,4421,Austin,Texas
75,4671,Austin,Texas
76,4726,Austin,Texas
77,4767,Austin,Texas
78,4998,Austin,Texas
79,5275,Austin,Texas
80,5403,Austin,Texas
81,5545,Austin,Texas
82,5972,Austin,Texas
83,6836,Austin,Texas
84,6990,Austin,Texas
85,7024,Austin,Texas
86,7036,Austin,Texas
87,7113,Austin,Texas
88,7504,Austin,Texas
89,7536,Austin,Texas
90,7680,Austin,Texas
91,7731,Austin,Texas
92,7940,Austin,Texas
93,8084,Austin,Texas
94,8236,Austin,Texas
95,8317,Austin,Texas
96,8767,Austin,Texas
97,8829,Austin,Texas
98,9121,Austin,Texas
99,9134,Austin,Texas
100,9160,Austin,Texas
101,9237,Austin,Texas
102,9729,Austin,Texas
103,5524,Austin,Texas
104,583,Austin,Texas
105,4922,Austin,Texas
106,1994,Austin,Texas
107,8188,Austin,Texas
108,9343,Austin,Texas
109,6941,Austin,Texas
110,624,Austin,Texas
111,2156,Austin,Texas
112,1953,Austin,Texas
113,8092,Austin,Texas
114,2004,Austin,Texas
115,2953,Austin,Texas
116,3531,Austin,Texas
117,4220,Austin,Texas
118,990,Austin,Texas
119,1600,Austin,Texas
120,2199,Austin,Texas
121,2365,Austin,Texas
122,2378,Austin,Texas
123,2749,Austin,Texas
124,2787,Austin,Texas
125,4298,Austin,Texas
126,4395,Austin,Texas
127,5026,Austin,Texas
128,5035,Austin,Texas
129,5806,Austin,Texas
130,5968,Austin,Texas
131,6180,Austin,Texas
132,7335,Austin,Texas
133,7390,Austin,Texas
134,7788,Austin,Texas
135,7809,Austin,Texas
136,7951,Austin,Texas
137,8142,Austin,Texas
138,8332,Austin,Texas
139,9699,Austin,Texas
140,3570,Austin,Texas
141,7454,Austin,Texas
142,5077,Austin,Texas
143,2094,Austin,Texas
144,4302,Austin,Texas
145,8626,Austin,Texas
146,9631,Austin,Texas
147,2305,Austin,Texas
148,7016,Austin,Texas
149,6643,Austin,Texas
150,9509,Austin,Texas
151,5615,Austin,Texas
152,890,Austin,Texas
153,7429,Austin,Texas
154,5892,Austin,Texas
155,4357,Austin,Texas
156,171,Austin,Texas
157,8967,Austin,Texas
158,5439,Austin,Texas
159,3256,Austin,Texas
160,6493,Austin,Texas
161,7683,Austin,Texas
162,9927,Austin,Texas
163,3724,Austin,Texas
164,9925,Austin,Texas
165,7488,Austin,Texas
166,8719,Austin,Texas
167,3834,Austin,Texas
168,9930,Austin,Texas
169,2062,Austin,Texas
170,9923,Austin,Texas
171,4251,Austin,Texas
172,900,Austin,Texas
173,8600,Austin,Texas
174,8741,Austin,Texas
175,4154,Austin,Texas
176,936,Austin,Texas
177,2829,Austin,Texas
178,3109,Austin,Texas
179,6910,Austin,Texas
180,9654,Austin,Texas
181,6636,Austin,Texas
182,9933,Austin,Texas
183,5874,Austin,Texas
184,484,Austin,Texas
185,6673,Austin,Texas
186,739,Austin,Texas
187,7866,Austin,Texas
188,2171,Austin,Texas
189,9766,Austin,Texas
190,2864,Austin,Texas
191,9019,Austin,Texas
192,5810,Austin,Texas
193,9935,Austin,Texas
194,1314,Austin,Texas
195,9919,Austin,Texas
196,9938,Austin,Texas
197,86,Austin,Texas
198,93,Austin,Texas
199,94,Austin,Texas
200,103,Austin,Texas
201,410,Austin,Texas
202,748,Austin,Texas
203,871,Austin,Texas
204,898,Austin,Texas
205,1334,Austin,Texas
206,1589,Austin,Texas
207,1714,Austin,Texas
208,1796,Austin,Texas
209,2149,Austin,Texas
210,2158,Austin,Texas
211,3342,Austin,Texas
212,3778,Austin,Texas
213,3831,Austin,Texas
214,4141,Austin,Texas
215,5218,Austin,Texas
216,5292,Austin,Texas
217,5371,Austin,Texas
218,5746,Austin,Texas
219,5949,Austin,Texas
220,6088,Austin,Texas
221,6139,Austin,Texas
222,6246,Austin,Texas
223,6394,Austin,Texas
224,6730,Austin,Texas
225,6794,Austin,Texas
226,6827,Austin,Texas
227,7161,Austin,Texas
228,7361,Austin,Texas
229,7531,Austin,Texas
230,7589,Austin,Texas
231,7769,Austin,Texas
232,7989,Austin,Texas
233,8031,Austin,Texas
234,8268,Austin,Texas
235,8399,Austin,Texas
236,9356,Austin,Texas
237,9499,Austin,Texas
238,9609,Austin,Texas
239,9643,Austin,Texas
240,9727,Austin,Texas
241,9737,Austin,Texas
242,9867,Austin,Texas
243,9915,Austin,Texas
244,9916,Austin,Texas
245,9917,Austin,Texas
246,9920,Austin,Texas
247,9921,Austin,Texas
248,9922,Austin,Texas
249,9926,Austin,Texas
250,9929,Austin,Texas
251,9932,Austin,Texas
252,9934,Austin,Texas
253,9936,Austin,Texas
254,9937,Austin,Texas
255,9939,Austin,Texas
256,9940,Austin,Texas
257,9941,Austin,Texas
258,9942,Austin,Texas
259,8160,Austin,Texas
260,1547,Austin,Texas
261,5002,Austin,Texas
262,3198,Austin,Texas
263,9969,Austin,Texas
264,5438,Austin,Texas
265,9451,Austin,Texas
266,9277,Austin,Texas
267,6545,Austin,Texas
268,1630,Austin,Texas
269,7243,Austin,Texas
270,1782,Austin,Texas
271,3964,Austin,Texas
272,7240,Austin,Texas
273,555,Austin,Texas
274,1601,Austin,Texas
275,1153,Austin,Texas
276,4135,Austin,Texas
277,6871,Austin,Texas
278,8852,Austin,Texas
279,3224,Austin,Texas
280,121,Austin,Texas
281,861,Austin,Texas
282,364,Austin,Texas
283,5817,Austin,Texas
284,9773,Austin,Texas
285,4505,Austin,Texas
286,7863,Austin,Texas
287,9600,Austin,Texas
288,2742,Austin,Texas
289,6266,Austin,Texas
290,8669,Austin,Texas
291,8155,Austin,Texas
292,2755,Austin,Texas
293,3367,Austin,Texas
294,1403,Austin,Texas
295,1697,Austin,Texas
296,4297,Austin,Texas
297,7560,Austin,Texas
298,2965,Austin,Texas
299,3527,Austin,Texas
300,9982,Austin,Texas
301,187,Austin,Texas
302,252,Austin,Texas
303,1103,Austin,Texas
304,1169,Austin,Texas
305,1283,Austin,Texas
306,1415,Austin,Texas
307,1792,Austin,Texas
308,2449,Austin,Texas
309,2470,Austin,Texas
310,2792,Austin,Texas
311,2925,Austin,Texas
312,2980,Austin,Texas
313,2986,Austin,Texas
314,3134,Austin,Texas
315,3538,Austin,Texas
316,3635,Austin,Texas
317,3719,Austin,Texas
318,3723,Austin,Texas
319,3935,Austin,Texas
320,4193,Austin,Texas
321,4373,Austin,Texas
322,4526,Austin,Texas
323,4732,Austin,Texas
324,4743,Austin,Texas
325,5129,Austin,Texas
326,5246,Austin,Texas
327,5395,Austin,Texas
328,5484,Austin,Texas
329,5738,Austin,Texas
330,5796,Austin,Texas
331,5921,Austin,Texas
332,6473,Austin,Texas
333,6578,Austin,Texas
334,6685,Austin,Texas
335,7108,Austin,Texas
336,7460,Austin,Texas
337,7627,Austin,Texas
338,7682,Austin,Texas
339,7739,Austin,Texas
340,7741,Austin,Texas
341,7800,Austin,Texas
342,7813,Austin,Texas
343,7850,Austin,Texas
344,7900,Austin,Texas
345,7919,Austin,Texas
346,7965,Austin,Texas
347,8156,Austin,Texas
348,8386,Austin,Texas
349,8467,Austin,Texas
350,9052,Austin,Texas
351,9620,Austin,Texas
352,9971,Austin,Texas
353,1508,Austin,Texas
354,3632,Austin,Texas
355,6498,Austin,Texas
356,1632,Austin,Texas
357,3392,Austin,Texas
358,5210,Austin,Texas
359,991,Austin,Texas
360,7856,Austin,Texas
361,6979,Austin,Texas
362,6112,Austin,Texas
363,7794,Austin,Texas
364,7117,Austin,Texas
365,8059,Austin,Texas
366,8956,Austin,Texas
367,9248,Austin,Texas
368,77,Austin,Texas
369,1413,Austin,Texas
370,1791,Austin,Texas
371,1947,Austin,Texas
372,2072,Austin,Texas
373,3301,Austin,Texas
374,3849,Austin,Texas
375,4029,Austin,Texas
376,4352,Austin,Texas
377,4356,Austin,Texas
378,4514,Austin,Texas
379,5131,Austin,Texas
380,7566,Austin,Texas
381,7767,Austin,Texas
382,8086,Austin,Texas
383,8419,Austin,Texas
384,8911,Austin,Texas
385,9278,Austin,Texas
386,7304,Austin,Texas
387,285,Austin,Texas
388,4874,Austin,Texas
389,5677,Austin,Texas
390,7641,Austin,Texas
391,946,Austin,Texas
392,1473,Austin,Texas
393,6773,Austin,Texas
394,6524,Austin,Texas
395,3146,Austin,Texas
396,7510,Austin,Texas
397,4641,Austin,Texas
398,8292,Austin,Texas
399,9849,Austin,Texas
400,9830,Austin,Texas
401,7881,Austin,Texas
402,6826,Austin,Texas
403,1042,Austin,Texas
404,417,Austin,Texas
405,2615,Austin,Texas
406,4187,Austin,Texas
407,6182,Austin,Texas
408,9875,Austin,Texas
409,6121,Austin,Texas
410,1556,Austin,Texas
411,4092,Austin,Texas
412,4946,Austin,Texas
413,9944,Austin,Texas
414,1619,Austin,Texas
415,8197,Austin,Texas
416,4957,Austin,Texas
417,3500,Austin,Texas
418,5357,Austin,Texas
419,9613,Austin,Texas
420,4213,Austin,Texas
421,3235,Austin,Texas
422,2946,Austin,Texas
423,9141,Austin,Texas
424,2242,Austin,Texas
425,4575,Austin,Texas
426,2974,Austin,Texas
427,5568,Austin,Texas
428,3036,Austin,Texas
429,5164,Austin,Texas
430,520,Austin,Texas
431,1681,Austin,Texas
432,3829,Austin,Texas
433,7419,Austin,Texas
434,9771,Austin,Texas
435,8079,Austin,Texas
436,5814,Austin,Texas
437,9474,Austin,Texas
438,6692,Austin,Texas
439,580,Austin,Texas
440,5636,Austin,Texas
441,9701,Austin,Texas
442,26,Austin,Texas
443,5412,Austin,Texas
444,6072,Austin,Texas
445,160,Austin,Texas
446,9578,Austin,Texas
447,8703,Austin,Texas
448,9484,Austin,Texas
449,2769,Austin,Texas
450,434,Austin,Texas
451,8071,Austin,Texas
452,6418,Austin,Texas
453,3504,Austin,Texas
454,222,Austin,Texas
455,773,Austin,Texas
456,1507,Austin,Texas
457,2034,Austin,Texas
458,3893,Austin,Texas
459,6407,Austin,Texas
460,6412,Austin,Texas
461,7287,Austin,Texas
462,9295,Austin,Texas
463,9639,Austin,Texas
464,1551,Austin,Texas
465,1086,Austin,Texas
466,2641,Austin,Texas
467,5209,Austin,Texas
468,6576,Austin,Texas
469,7319,Austin,Texas
470,7901,Austin,Texas
471,6101,Austin,Texas
472,7096,Georgetown,Texas
473,7674,Austin,Texas
474,3805,Austin,Texas
475,5102,Austin,Texas
476,4252,Austin,Texas
477,8565,Austin,Texas
478,1518,Austin,Texas
479,2647,Austin,Texas
480,6103,Austin,Texas
481,5109,Austin,Texas
482,7017,Austin,Texas
483,7281,Dallas,Texas
484,1644,Dallas,Texas
485,4686,Houston,Texas
486,1853,Fort Worth,Texas
487,2797,Benbrook,Texas
488,3616,Fort Worth,Texas
489,3652,Austin,Texas
490,7368,Willow Park,Texas
491,7645,Weatherford,Texas
492,7826,North Richland Hills,Texas
493,8115,Fort Worth,Texas
494,8437,Argyle,Texas
495,8855,Fort Worth,Texas
496,8943,Bedford,Texas
497,1575,Fort Worth,Texas
498,1995,Grapevine,Texas
499,2250,Fort Worth,Texas
500,5752,Hurst,Texas
501,5392,Weatherford,Texas
502,7524,Austin,Texas
503,8589,Austin,Texas
504,6420,Austin,Texas
505,9956,Austin,Texas
506,2929,Dallas,Texas
507,2540,Austin,Texas
508,4067,Dallas,Texas
509,5045,Waxahachie,Texas
510,5490,Dallas,Texas
511,5827,Grand Prairie,Texas
512,6890,Arlington,Texas
513,8314,Arlington,Texas
514,469,Flower Mound,Texas
515,8544,Dallas,Texas
516,2845,Austin,Texas
517,1704,Richardson,Texas
518,2715,Southlake,Texas
519,72,Dallas,Texas
520,3340,Tolar,Texas
521,5555,Cedar Hill,Texas
522,2112,Dallas,Texas
523,4826,Austin,Texas
524,7875,Austin,Texas
525,8645,Austin,Texas
526,3044,Austin,Texas
527,7030,Austin,Texas
528,2557,Austin,Texas
529,3736,Austin,Texas
530,3922,Mansfield,Texas
531,1010,Arlington,Texas
532,3092,Grand Prairie,Texas
533,6617,Arlington,Texas
534,9751,Grand Prairie,Texas
535,1039,Austin,Texas
536,3572,Austin,Texas
537,4894,Austin,Texas
538,6863,Austin,Texas
539,3277,Kingwood,Texas
540,4833,Arlington,Texas
541,218,Burleson,Texas
542,673,Santa Fe,Texas
543,9168,Dallas,Texas
544,5658,Austin,Texas
545,6063,Austin,Texas
546,4219,Irving,Texas
547,1785,Austin,Texas
548,2288,Austin,Texas
549,5264,Austin,Texas
550,6897,Austin,Texas
551,8244,Austin,Texas
552,5537,Austin,Texas
553,5903,Austin,Texas
554,9373,Austin,Texas
555,2085,Austin,Texas
556,3506,Austin,Texas
557,3347,Dallas,Texas
558,3677,Austin,Texas
559,5511,Grapevine,Texas
560,8424,Austin,Texas
561,9454,Austin,Texas
562,3649,Austin,Texas
563,6505,Austin,Texas
564,8243,Austin,Texas
565,5889,Austin,Texas
566,781,Austin,Texas
567,9526,Kennedale,Texas
568,5849,Plano,Texas
569,7797,Plano,Texas
570,2116,Plano,Texas
571,3731,Rowlett,Texas
572,8833,Arlington,Texas
573,9543,Austin,Texas
574,4591,Arlington,Texas
575,1392,Round Rock,Texas
576,9488,Houston,Texas
577,9462,Coppell,Texas
578,8121,Dallas,Texas
579,43,Benbrook,Texas
580,1309,Coppell,Texas
581,1398,Austin,Texas
582,2002,Dallas,Texas
583,4594,Wichita Falls,Texas
584,5227,Mansfield,Texas
585,5448,Dallas,Texas
586,7194,Round Rock,Texas
587,1167,Hurst,Texas
588,774,Houston,Texas
589,4670,Plano,Texas
590,7593,Irving,Texas
591,9090,Dallas,Texas
592,2210,Austin,Texas
593,7037,Plano,Texas
594,9776,Plano,Texas
595,3263,Round Rock,Texas
596,9688,Dallas,Texas
597,5852,Houston,Texas
598,6191,Grapevine,Texas
599,8201,Houston,Texas
600,6593,Round Rock,Texas
601,626,Houston,Texas
602,728,Allen,Texas
603,945,Dallas,Texas
604,1694,Bellaire,Texas
605,2295,Richardson,Texas
606,2723,Round Rock,Texas
607,3120,Midland,Texas
608,3861,Colleyville,Texas
609,3880,Katy,Texas
610,4158,North Richland Hills,Texas
611,4304,Katy,Texas
612,5125,Plano,Texas
613,6587,Arlington,Texas
614,6831,Sugar Land,Texas
615,6837,Frisco,Texas
616,8218,Fort Worth,Texas
617,8519,Houston,Texas
618,8641,Spring,Texas
619,8838,Euless,Texas
620,9432,Carrollton,Texas
621,2039,Austin,Texas
622,4859,Dallas,Texas
623,2182,Houston,Texas
624,7519,Haslet,Texas
625,9036,Houston,Texas
626,7169,Baytown,Texas
627,9555,Katy,Texas
628,754,Houston,Texas
629,5288,Arlington,Texas
630,3795,Round Rock,Texas
631,604,Houston,Texas
632,3087,Katy,Texas
633,5271,Houston,Texas
634,159,Wichita Falls,Texas
635,182,Richmond,Texas
636,193,Dallas,Texas
637,245,Grand Prairie,Texas
638,304,Richardson,Texas
639,341,Houston,Texas
640,431,Arlington,Texas
641,513,Fort Worth,Texas
642,642,Arlington,Texas
643,821,Humble,Texas
644,825,Sherman,Texas
645,831,Richardson,Texas
646,941,Plano,Texas
647,985,Midland,Texas
648,1115,Dallas,Texas
649,1146,Sulphur Springs,Texas
650,1312,Dallas,Texas
651,1388,Dallas,Texas
652,1499,Temple,Texas
653,1515,Waco,Texas
654,1591,Richardson,Texas
655,1604,Dallas,Texas
656,1608,Houston,Texas
657,1629,Pflugerville,Texas
658,1711,Little Elm,Texas
659,1741,Houston,Texas
660,1830,Dallas,Texas
661,1958,Houston,Texas
662,1960,Fort Worth,Texas
663,2053,Brownwood,Texas
664,2084,Houston,Texas
665,2090,Flint,Texas
666,2152,Freeport,Texas
667,2198,Sugar Land,Texas
668,2216,Houston,Texas
669,2290,Spring,Texas
670,2296,Plano,Texas
671,2300,Houston,Texas
672,2314,Dallas,Texas
673,2322,Dallas,Texas
674,2485,Pottsboro,Texas
675,2534,Houston,Texas
676,2678,Taylor,Texas
677,2713,Taylor,Texas
678,2744,Plano,Texas
679,2805,Houston,Texas
680,2835,Houston,Texas
681,3098,Dallas,Texas
682,3115,Houston,Texas
683,3458,Arlington,Texas
684,3555,Fort Worth,Texas
685,3575,Gainesville,Texas
686,3896,Bellaire,Texas
687,3930,Houston,Texas
688,4056,Fort Worth,Texas
689,4313,Coppell,Texas
690,4354,Dallas,Texas
691,4377,Haltom City,Texas
692,4517,Mansfield,Texas
693,4632,Fort Worth,Texas
694,4634,Spring,Texas
695,4834,Spring,Texas
696,4948,Tomball,Texas
697,4956,Round Rock,Texas
698,4980,Irving,Texas
699,5262,Arlington,Texas
700,5394,Plano,Texas
701,5449,Houston,Texas
702,5485,Houston,Texas
703,5556,Dallas,Texas
704,5610,Richardson,Texas
705,5850,Friendswood,Texas
706,5956,Plano,Texas
707,6118,Heath,Texas
708,6329,Houston,Texas
709,6386,The Colony,Texas
710,6408,Hutchins,Texas
711,6470,Spring,Texas
712,6809,Houston,Texas
713,6852,Pflugerville,Texas
714,6887,Houston,Texas
715,7009,Galveston,Texas
716,7154,Pearland,Texas
717,7166,Houston,Texas
718,7195,Euless,Texas
719,7245,Euless,Texas
720,7332,Addison,Texas
721,7364,Arlington,Texas
722,7525,Ennis,Texas
723,7636,Irving,Texas
724,7643,Houston,Texas
725,7806,Dallas,Texas
726,7879,Richardson,Texas
727,7903,Waco,Texas
728,7961,Aledo,Texas
729,7980,Plano,Texas
730,8018,Dallas,Texas
731,8046,Austin,Texas
732,8137,Cypress,Texas
733,8152,Killeen,Texas
734,8164,Dallas,Texas
735,8180,El Lago,Texas
736,8254,Round Rock,Texas
737,8345,Haltom City,Texas
738,8590,Mesquite,Texas
739,8685,Sugar Land,Texas
740,8702,Mesquite,Texas
741,8910,Houston,Texas
742,8949,Houston,Texas
743,9041,Fort Worth,Texas
744,9155,Dallas,Texas
745,9180,Fort Worth,Texas
746,9222,Baytown,Texas
747,9264,Forney,Texas
748,9308,Houston,Texas
749,9377,Houston,Texas
750,9548,Houston,Texas
751,9725,Waco,Texas
752,9869,Carrollton,Texas
753,9897,Spring,Texas
754,9983,Dallas,Texas
755,50,Euless,Texas
756,2421,Houston,Texas
757,8006,Dallas,Texas
758,9678,Missouri City,Texas
759,8163,Austin,Texas
760,9819,Houston,Texas
761,4597,Rowlett,Texas
762,9152,Pearland,Texas
763,298,Arlington,Texas
764,490,Houston,Texas
765,903,Houston,Texas
766,937,El Lago,Texas
767,1654,Bedford,Texas
768,1679,Richardson,Texas
769,2278,Katy,Texas
770,2393,Carrollton,Texas
771,2902,Fort Worth,Texas
772,3212,Pflugerville,Texas
773,3364,Dallas,Texas
774,3394,Houston,Texas
775,4314,Spring,Texas
776,5678,Plano,Texas
777,6233,Houston,Texas
778,7793,Austin,Texas
779,8338,Allen,Texas
780,8834,Haslet,Texas
781,9173,Houston,Texas
782,5321,Spring,Texas
783,8421,Houston,Texas
784,3578,Plano,Texas
785,1700,Austin,Texas
786,6960,Arlington,Texas
787,4773,Round Rock,Texas
788,125,Richmond,Texas
789,337,Temple,Texas
790,733,Houston,Texas
791,810,Plano,Texas
792,925,Arlington,Texas
793,1011,Kingwood,Texas
794,1125,Mansfield,Texas
795,1439,Katy,Texas
796,1696,Grapevine,Texas
797,2188,Houston,Texas
798,2391,Hurst,Texas
799,2480,Katy,Texas
800,2690,Tomball,Texas
801,2710,McKinney,Texas
802,2858,Big Spring,Texas
803,2900,Houston,Texas
804,3045,Grapevine,Texas
805,3368,Round Rock,Texas
806,3741,Keller,Texas
807,4062,McKinney,Texas
808,4162,Waco,Texas
809,4191,Dallas,Texas
810,4231,Dallas,Texas
811,4491,North Richland Hills,Texas
812,4576,Katy,Texas
813,4694,Dallas,Texas
814,4850,Houston,Texas
815,5062,Houston,Texas
816,5089,Pearland,Texas
817,5090,Coppell,Texas
818,5191,Rowlett,Texas
819,5238,Dallas,Texas
820,5312,Spring,Texas
821,5355,Plano,Texas
822,6057,Murphy,Texas
823,6308,Richardson,Texas
824,6321,Humble,Texas
825,6764,Houston,Texas
826,6927,Dallas,Texas
827,7103,Arlington,Texas
828,7198,Plano,Texas
829,7211,Lancaster,Texas
830,7248,Houston,Texas
831,7626,McKinney,Texas
832,8024,Dallas,Texas
833,8124,Dallas,Texas
834,8139,Houston,Texas
835,8185,Fort Worth,Texas
836,8223,El Lago,Texas
837,8478,Houston,Texas
838,8604,Houston,Texas
839,8691,Midland,Texas
840,8693,Houston,Texas
841,8744,Houston,Texas
842,9080,Malakoff,Texas
843,9534,Killeen,Texas
844,9648,Euless,Texas
845,9807,Spring,Texas
846,6551,Dallas,Texas
847,8731,Arlington,Texas
848,4185,Houston,Texas
849,195,Aledo,Texas
850,498,Dallas,Texas
851,1162,Waxahachie,Texas
852,1572,Dallas,Texas
853,2257,Waxahachie,Texas
854,2297,Palestine,Texas
855,2369,Arlington,Texas
856,2536,Houston,Texas
857,2739,Fort Worth,Texas
858,2969,Gorman,Texas
859,3610,Terrell,Texas
860,3686,Fort Worth,Texas
861,3906,Houston,Texas
862,3921,Grapevine,Texas
863,4055,Dallas,Texas
864,5188,Del Valle,Texas
865,6019,Hudson Oaks,Texas
866,6271,Lufkin,Texas
867,6644,Rowlett,Texas
868,7149,Fort Worth,Texas
869,7273,Wichita Falls,Texas
870,7433,Sunnyvale,Texas
871,7447,Grapevine,Texas
872,7485,Hurst,Texas
873,8449,Arlington,Texas
874,8966,Midlothian,Texas
875,9143,Dallas,Texas
876,9171,Irving,Texas
877,9255,Dallas,Texas
878,9471,Fort Worth,Texas
879,3486,Grapevine,Texas
880,8907,Odessa,Texas
881,2532,Austin,Texas
882,6558,Austin,Texas
883,2110,Mansfield,Texas
884,4659,Euless,Texas
885,4873,Trophy Club,Texas
886,2995,Austin,Texas
887,9233,Austin,Texas
888,6744,Austin,Texas
889,820,Austin,Texas
890,2815,Austin,Texas
891,7302,Austin,Texas
892,2521,Austin,Texas
893,3026,Austin,Texas
894,8961,Austin,Texas
895,4321,Austin,Texas
896,8328,Austin,Texas
897,4864,Austin,Texas
898,347,Austin,Texas
899,3411,Austin,Texas
900,6500,Austin,Texas
901,9340,Austin,Texas
902,7527,Austin,Texas
903,135,Austin,Texas
904,1854,Austin,Texas
905,9201,Austin,Texas
906,9803,Austin,Texas
907,4042,Austin,Texas
908,4416,Austin,Texas
909,772,Austin,Texas
910,8034,Austin,Texas
911,5786,Austin,Texas
912,1202,Austin,Texas
913,2692,Austin,Texas
914,3085,Austin,Texas
915,4806,Austin,Texas
916,9051,Austin,Texas
917,4437,Austin,Texas
918,9890,Austin,Texas
919,2323,Austin,Texas
920,6133,Austin,Texas
921,5356,Austin,Texas
922,457,Austin,Texas
923,3678,Austin,Texas
924,4544,Austin,Texas
925,1331,Austin,Texas
926,9931,Austin,Texas
927,5539,Austin,Texas
928,22,Austin,Texas
929,765,Austin,Texas
930,1105,Austin,Texas
931,1479,Austin,Texas
932,1889,Austin,Texas
933,4296,Austin,Texas
934,3705,Austin,Texas
935,499,Austin,Texas
936,5959,Austin,Texas
937,5060,Austin,Texas
938,7491,Austin,Texas
939,7703,Austin,Texas
940,7984,Austin,Texas
941,5317,Austin,Texas
942,9642,Austin,Texas
943,4856,Austin,Texas
944,6378,Dallas,Texas
945,8370,Austin,Texas
946,7408,Austin,Texas
947,4967,Austin,Texas
948,4383,Austin,Texas
949,3806,Austin,Texas
950,3032,Austin,Texas
951,2247,Austin,Texas
952,878,Austin,Texas
953,4800,Austin,Texas
954,7512,Austin,Texas
955,1069,Austin,Texas
956,3425,Austin,Texas
957,3484,Austin,Texas
958,9195,Austin,Texas
959,1577,Austin,Texas
960,3721,Austin,Texas
961,297,Austin,Texas
962,6165,Austin,Texas
963,9176,Austin,Texas
964,9605,Houston,Texas
965,3200,Cedar Park,Texas
966,2360,Austin,Texas
967,5778,Austin,Texas
968,7617,McKinney,Texas
969,59,Austin,Texas
970,7090,Plano,Texas
971,7597,Austin,Texas
972,111,Austin,Texas
973,4408,Austin,Texas
974,4561,Allen,Texas
975,4728,Allen,Texas
976,5673,Austin,Texas
977,8282,Austin,Texas
978,280,Houston,Texas
979,4944,Houston,Texas
980,275,Houston,Texas
981,8107,Austin,Texas
982,5938,San Diego,California
983,5909,San Diego,California
984,54,San Diego,California
985,3938,San Diego,California
986,8061,San Diego,California
987,6497,San Diego,California
988,101,Austin,Texas
989,1035,Austin,Texas
990,5586,Austin,Texas
991,6502,Austin,Texas
992,6787,Austin,Texas
993,9711,San Diego,California
994,6689,San Diego,California
995,8736,Austin,Texas
996,4329,San Diego,California
997,6152,San Diego,California
998,8574,San Diego,California
999,7114,San Diego,California
1000,3687,San Diego,California
1001,7062,San Diego,California
1002,8733,San Diego,California
1003,9213,San Diego,California
1004,9775,San Diego,California
1005,4015,Austin,Texas
1006,3916,Austin,Texas
1007,807,Austin,Texas
1008,2559,Austin,Texas
1009,4035,San Antonio,Texas
1010,4495,San Diego,California
1011,5805,Austin,Texas
1012,6383,Austin,Texas
1013,7321,Austin,Texas
1014,1410,Austin,Texas
1015,6995,Austin,Texas
1016,7077,Austin,Texas
1017,7363,Dallas,Texas
1018,9116,Austin,Texas
1019,4776,Austin,Texas
1020,9674,Austin,Texas
1021,8183,Austin,Texas
1022,3947,Austin,Texas
1023,1845,Austin,Texas
1024,3143,Austin,Texas
1025,48,Austin,Texas
1026,508,Austin,Texas
1027,3883,Austin,Texas
1028,6078,Austin,Texas
1029,7436,Austin,Texas
1030,2907,Austin,Texas
1031,3873,Austin,Texas
1032,9215,Austin,Texas
1033,2472,Austin,Texas
1034,2848,Austin,Texas
1035,1199,San Diego,California
1036,8023,Austin,Texas
1037,6770,San Diego,California
1038,9197,San Diego,California
1039,6377,San Diego,California
1040,6268,San Diego,California
1041,5728,Austin,Texas
1042,3443,Austin,Texas
1043,7549,Austin,Texas
1044,7671,Austin,Texas
1045,4000,Austin,Texas
1046,1037,Austin,Texas
1047,645,Austin,Texas
1048,267,Austin,Texas
1049,1310,Austin,Texas
1050,3268,Austin,Texas
1051,3273,Austin,Texas
1052,9912,Austin,Texas
1053,5009,San Diego,California
1054,2412,San Diego,California
1055,2606,San Diego,California
1056,3864,San Diego,California
1057,5994,Austin,Texas
1058,1500,Austin,Texas
1059,1617,Austin,Texas
1060,3214,Austin,Texas
1061,3426,Austin,Texas
1062,6108,Austin,Texas
1063,491,Austin,Texas
1064,9745,Austin,Texas
1065,1078,Austin,Texas
1066,8817,Austin,Texas
1067,8946,Austin,Texas
1068,3299,Austin,Texas
1069,1450,San Diego,California
1070,8168,San Diego,California
1071,5397,Spicewood,Texas
1072,9038,Lakeway,Texas
1073,2401,Austin,Texas
1074,9647,Austin,Texas
1075,1731,San Diego,California
1076,4342,Austin,Texas
1077,8342,San Diego,California
1078,2942,Irving,Texas
1079,3221,Houston,Texas
1080,9206,Houston,Texas
1081,6614,Austin,Texas
1082,4022,Austin,Texas
1083,4053,Austin,Texas
1084,115,Austin,Texas
1085,4934,San Diego,California
1086,4633,Austin,Texas
1087,894,Austin,Texas
1088,2113,Austin,Texas
1089,7587,Austin,Texas
1090,243,Austin,Texas
1091,8942,Austin,Texas
1092,8986,Austin,Texas
1093,5226,Austin,Texas
1094,4224,Austin,Texas
1095,4438,Austin,Texas
1096,7693,Austin,Texas
1097,8029,Austin,Texas
1098,1284,San Diego,California
1099,5387,San Diego,California
1100,4761,San Diego,California
1101,9139,Austin,Texas
1102,6231,San Diego,California
1103,6547,San Diego,California
1104,8117,Austin,Texas
1105,7468,Austin,Texas
1106,2465,Austin,Texas
1107,507,Austin,Texas
1108,5456,Austin,Texas
1109,7893,Austin,Texas
1110,3615,Bee Cave,Texas
1111,954,Austin,Texas
1112,4660,Austin,Texas
1113,5087,Austin,Texas
1114,7013,Austin,Texas
1115,9165,Austin,Texas
1116,5944,Austin,Texas
1117,2667,Austin,Texas
1118,3886,Austin,Texas
1119,5279,Austin,Texas
1120,7585,Austin,Texas
1121,8122,Austin,Texas
1122,1646,Austin,Texas
1123,9846,Austin,Texas
1124,2751,Austin,Texas
1125,68,Austin,Texas
1126,9624,Austin,Texas
1127,3973,Austin,Texas
1128,4910,Austin,Texas
1129,8848,Austin,Texas
1130,692,Austin,Texas
1131,9599,Austin,Texas
1132,3519,Austin,Texas
1133,5252,Austin,Texas
1134,6799,Austin,Texas
1135,6334,Austin,Texas
1136,7276,Austin,Texas
1137,7122,Austin,Texas
1138,2366,Austin,Texas
1139,6953,Austin,Texas
1140,8807,Austin,Texas
1141,5552,Austin,Texas
1142,130,Austin,Texas
1143,2505,Austin,Texas
1144,4974,Boulder,Colorado
1145,9836,San Diego,California
1146,7213,Boulder,Colorado
1147,6282,Boulder,Colorado
1148,3659,Boulder,Colorado
1149,9229,Boulder,Colorado
1150,2144,Boulder,Colorado
1151,7001,Boulder,Colorado
1152,2523,Boulder,Colorado
1153,2903,Boulder,Colorado
1154,1350,Boulder,Colorado
1155,4703,Boulder,Colorado
1156,6083,Boulder,Colorado
1157,6174,Boulder,Colorado
1158,7208,Boulder,Colorado
1159,4830,Boulder,Colorado
1160,698,Boulder,Colorado
1161,1766,Boulder,Colorado
1162,3734,Boulder,Colorado
1163,4499,Boulder,Colorado
1164,5187,Boulder,Colorado
1165,6148,Boulder,Colorado
1166,6956,Boulder,Colorado
1167,8368,Boulder,Colorado
1168,9341,Boulder,Colorado
1169,9818,Boulder,Colorado
1170,2235,San Diego,California
1171,6429,San Diego,California
1172,2992,Austin,Texas
1173,7764,Austin,Texas
1174,6691,Austin,Texas
1175,3160,Austin,Texas
1176,9610,Austin,Texas
1177,3631,Austin,Texas
1178,470,Austin,Texas
1179,2075,Austin,Texas
1180,6012,Austin,Texas
1181,6536,Austin,Texas
1182,2354,San Diego,California
1183,6061,Austin,Texas
1184,7787,Austin,Texas
1185,4927,Austin,Texas
1186,4237,San Diego,California
1187,6196,San Diego,California
1188,9612,San Diego,California
1189,4095,San Diego,California
1190,9370,San Diego,California
1191,9995,San Diego,California
1192,879,Boulder,Colorado
1193,2196,Boulder,Colorado
1194,5648,Boulder,Colorado
1195,5954,Boulder,Colorado
1196,8676,Boulder,Colorado
1197,3353,Boulder,Colorado
1198,8622,Boulder,Colorado
1199,2824,Boulder,Colorado
1200,7818,Boulder,Colorado
1201,6800,Boulder,Colorado
1202,8729,Boulder,Colorado
1203,232,Boulder,Colorado
1204,9085,Boulder,Colorado
1205,4601,Boulder,Colorado
1206,6264,Boulder,Colorado
1207,6888,Boulder,Colorado
1208,9156,Boulder,Colorado
1209,516,Boulder,Colorado
1210,547,Boulder,Colorado
1211,1879,Boulder,Colorado
1212,2931,Boulder,Colorado
1213,3104,Boulder,Colorado
1214,8273,Boulder,Colorado
1215,8862,Boulder,Colorado
1216,9142,Boulder,Colorado
1217,9958,Boulder,Colorado
1218,1586,Austin,Texas
1219,7409,San Diego,California
1220,796,Austin,Texas
1221,7422,San Diego,California
1222,862,Austin,Texas
1223,5904,Boulder,Colorado
1224,8886,San Diego,California
1225,9585,San Diego,California
1226,8395,Boulder,Colorado
1227,9950,Austin,Texas
1228,2031,San Diego,California
1229,3147,Austin,Texas
1230,4920,Boulder,Colorado
1231,5652,Boulder,Colorado
1232,4083,San Diego,California
1233,7639,San Diego,California
1234,203,San Diego,California
1235,1524,San Diego,California
1236,7719,Austin,Texas
1237,5759,Austin,Texas
1238,2458,Austin,Texas
1239,136,Austin,Texas
1240,974,Austin,Texas
1241,3413,Austin,Texas
1242,527,San Diego,California
1243,2361,Austin,Texas
1244,980,Austin,Texas
1245,9251,Austin,Texas
1246,3401,Austin,Texas
1247,6348,Austin,Texas
1248,6125,Austin,Texas
1249,6688,Austin,Texas
1250,9981,Austin,Texas
1251,2520,Austin,Texas
1252,3789,Austin,Texas
1253,9498,Austin,Texas
1254,436,Austin,Texas
1255,9182,Austin,Texas
1256,2207,Austin,Texas
1257,6286,Austin,Texas
1258,5400,Boulder,Colorado
1259,4147,Boulder,Colorado
1260,3953,Spring,Texas
1261,2510,Austin,Texas
1262,7792,Austin,Texas
1263,44,Austin,Texas
1264,365,Austin,Texas
1265,4953,Austin,Texas
1266,6424,Austin,Texas
1267,7474,Austin,Texas
1268,8596,Austin,Texas
1269,8995,Austin,Texas
1270,7638,Austin,Texas
1271,2873,Austin,Texas
1272,6911,Austin,Texas
1273,4375,Austin,Texas
1274,503,Austin,Texas
1275,5298,Austin,Texas
1276,4473,Austin,Texas
1277,5809,Austin,Texas
1278,7973,Austin,Texas
1279,5718,Austin,Texas
1280,668,Austin,Texas
1281,994,Austin,Texas
1282,3510,Austin,Texas
1283,8555,Boulder,Colorado
1284,6460,Austin,Texas
1285,3310,Austin,Texas
1286,6324,Austin,Texas
1287,9001,Austin,Texas
1288,9333,Austin,Texas
1289,3126,Austin,Texas
1290,8857,Austin,Texas
1291,6248,Austin,Texas
1292,1462,Austin,Texas
1293,5749,Austin,Texas
1294,9670,Austin,Texas
1295,573,Austin,Texas
1296,4674,Austin,Texas
1297,2115,Rio Hondo,Texas
1298,3298,Rio Hondo,Texas
1299,4972,San Benito,Texas
1300,5322,Harlingen,Texas
1301,9065,Los Fresnos,Texas
1302,3676,Austin,Texas
1303,543,Austin,Texas
1304,1584,El Paso,Texas
1305,575,Austin,Texas
1306,5784,Austin,Texas
1307,1597,Austin,Texas
1308,2732,San Antonio,Texas
1309,9434,Austin,Texas
1310,186,Austin,Texas
1311,281,San Antonio,Texas
1312,1832,Austin,Texas
1313,4741,San Antonio,Texas
1314,9852,San Antonio,Texas
1315,9684,San Antonio,Texas
1316,3773,San Antonio,Texas
1317,6380,San Antonio,Texas
1318,7092,San Antonio,Texas
1319,9325,San Antonio,Texas
1320,6345,Austin,Texas
1321,483,Austin,Texas
1322,7541,Austin,Texas
1323,5450,Austin,Texas
1324,9235,Austin,Texas
1325,3246,Austin,Texas
1326,3498,Austin,Texas
1327,325,Austin,Texas
1328,1275,Austin,Texas
1329,2172,Austin,Texas
1330,2377,Austin,Texas
1331,3730,Austin,Texas
1332,3977,Austin,Texas
1333,4731,Austin,Texas
1334,4734,Austin,Texas
1335,5320,Austin,Texas
1336,5931,Austin,Texas
1337,6062,Austin,Texas
1338,8730,Austin,Texas
1339,9347,Austin,Texas
1340,9412,Austin,Texas
1341,352,San Antonio,Texas
1342,865,San Antonio,Texas
1343,1180,San Antonio,Texas
1344,8874,San Antonio,Texas
1345,9126,Helotes,Texas
1346,9704,San Antonio,Texas
1347,2429,Austin,Texas
1348,379,Austin,Texas
1349,7651,San Antonio,Texas
1350,3204,Houston,Texas
1351,716,San Antonio,Texas
1352,1942,San Antonio,Texas
1353,2064,San Antonio,Texas
1354,3110,San Antonio,Texas
1355,3390,San Antonio,Texas
1356,4048,San Antonio,Texas
1357,6723,San Antonio,Texas
1358,8193,San Antonio,Texas
1359,11201,San Antonio,Texas
1360,11202,San Antonio,Texas
1361,11203,San Antonio,Texas
1362,5941,San Antonio,Texas
1363,6896,Austin,Texas
1364,8847,Austin,Texas
1365,3227,San Antonio,Texas
1366,5214,San Antonio,Texas
1367,398,Austin,Texas
1368,6236,Austin,Texas
1369,8344,Austin,Texas
1370,6845,Austin,Texas
1371,1974,Austin,Texas
1372,6667,Austin,Texas
1373,7172,Austin,Texas
1374,7750,Austin,Texas
1375,1954,Austin,Texas
1376,4465,Austin,Texas
1377,151,Austin,Texas
1378,3783,Austin,Texas
1379,2204,Austin,Texas
1380,1354,Austin,Texas
1381,6945,Austin,Texas
1382,7203,Austin,Texas
1383,3095,Austin,Texas
1384,5639,Austin,Texas
1385,6212,Austin,Texas
1386,6242,Austin,Texas
1387,7155,Austin,Texas
1388,9016,Dallas,Texas
1389,168,Austin,Texas
1390,9175,Chicago,Illinois
1391,885,Austin,Texas
1392,564,Austin,Texas
1393,1565,Austin,Texas
1394,3215,Austin,Texas
1395,330,Austin,Texas
1396,621,Austin,Texas
1397,930,Austin,Texas
1398,4014,Austin,Texas
1399,7128,Austin,Texas
1400,8198,Austin,Texas
1401,8506,Austin,Texas
1402,9389,Austin,Texas
1403,2750,Austin,Texas
1404,6605,Austin,Texas
1405,448,Austin,Texas
1406,1104,Austin,Texas
1407,1764,Austin,Texas
1408,2650,Austin,Texas
1409,4378,Austin,Texas
1410,4926,austin,Texas
1411,5541,Austin,Texas
1412,5924,Austin,Texas
1413,7948,Allen,Texas
1414,5715,Austin,Texas
1415,6272,Austin,Texas
1416,3924,Austin,Texas
1417,4866,Austin,Texas
1418,9214,Austin,Texas
1419,2666,Austin,Texas
1420,5144,Austin,Texas
1421,6199,Austin,Texas
1422,6982,Austin,Texas
1423,8204,Austin,Texas
1424,2205,Austin,Texas
1425,6915,Austin,Texas
1426,5656,Austin,Texas
1427,5862,Austin,Texas
1428,2251,San Antonio,Texas
1429,8417,Austin,Texas
1430,5085,Houston,Texas
1431,4699,Austin,Texas
1432,3431,San Antonio,Texas
1433,8450,Austin,Texas
1434,6302,Austin,Texas
1435,1517,Austin,Texas
1436,6948,Austin,Texas
1437,5937,Austin,Texas
1438,4877,Austin,Texas
1439,7937,Austin,Texas
1440,7952,Austin,Texas
1441,5015,San Antonio,Texas
1442,4289,Austin,Texas
1443,2654,Austin,Texas
1444,8715,Austin,Texas
1445,7690,Austin,Texas
1446,2049,Broken Arrow,Oklahoma
1447,9851,Oklahoma City,Oklahoma
1448,5527,Tulsa,Oklahoma
1449,1557,Austin,Texas
1450,8928,Austin,Texas
1451,525,Austin,Texas
1452,9106,Austin,Texas
1453,8745,Austin,Texas
1454,3823,Owasso,Oklahoma
1455,2153,Austin,Texas
1456,3029,Austin,Texas
1457,4580,Austin,Texas
1458,7472,Austin,Texas
1459,8005,Austin,Texas
1460,6870,Austin,Texas
1461,5929,Austin,Texas
1462,6161,Austin,Texas
1463,5649,Austin,Texas
1464,5248,Silver Spring,Maryland
1465,7393,Columbia,Maryland
1466,6390,Austin,Texas
1467,7496,Fremont,California
1468,11896,Fremont,California
1469,6487,Austin,Texas
1470,5984,Austin,Texas
1471,1021,Fremont,California
1472,2983,Fremont,California
1473,11040,Fremont,California
1474,3440,Fremont,California
1475,9059,Fremont,California
1476,3897,Fremont,California
1477,812,Livermore,California
1478,5058,Ithaca,New York
1479,10831,Newark,California
1480,11954,Fremont,California
1481,518,Brooktondale,New York
1482,690,Ithaca,New York
1483,8627,Ithaca,New York
1484,9290,Ithaca,New York
1485,6736,Hayward,California
1486,11478,Fremont,California
1487,3517,Ithaca,New York
1488,145,Ithaca,New York
1489,166,Berkeley,California
1490,3996,Trumansburg,New York
1491,5367,Ithaca,New York
1492,6603,Oakland,California
1493,7193,Hayward,California
1494,7820,Berkeley,California
1495,10544,Berkeley,California
1496,8277,Berkeley,California
1497,11458,Berkeley,California
1498,8327,Ithaca,New York
1499,8564,Oakland,California
1500,2318,Trumansburg,New York
1501,558,Ithaca,New York
1502,950,Ithaca,New York
1503,4414,Ithaca,New York
1504,914,Ithaca,New York
1505,4235,Ithaca,New York
1506,27,Brooktondale,New York
1507,5587,Ithaca,New York
1508,5679,Ithaca,New York
1509,6178,Ithaca,New York
1510,9004,Ithaca,New York
1511,5097,Fremont,California
1512,8812,King Ferry,New York
1513,11935,Fremont,California
1514,3858,Berkeley,California
1515,7650,Livermore,California
1516,9053,Lansing,New York
1517,5306,Newfield,New York
1518,7019,Ithaca,New York
1519,2811,Austin,Texas
1520,2448,Ithaca,New York
1521,2832,Ithaca,New York
1522,3488,Ithaca,New York
1523,6172,Ithaca,New York
1524,9469,Ithaca,New York
1525,4628,Ithaca,New York
1526,7159,Ithaca,New York
1527,7999,Ithaca,New York
1528,1097,Piedmont,California
1529,9973,Ithaca,New York
1530,5174,Ithaca,New York
1531,1417,Ithaca,New York
1532,1925,Dryden,New York
1533,4283,Ithaca,New York
1534,4550,Ithaca,New York
1535,5997,Ithaca,New York
1536,6514,Ithaca,New York
1537,6594,Ithaca,New York
1538,11435,Dryden,New York
1539,5982,Ithaca,New York
1540,387,Ithaca,New York
1541,8162,Ithaca,New York
1542,1240,Groton,New York
1543,9186,Ithaca,New York
1544,6464,Ithaca,New York
1545,1272,Ithaca,New York
1546,2096,Ithaca,New York
1547,2786,Ithaca,New York
1548,5495,Lansing,New York
1549,6703,Locke,New York
1550,7069,Brooktondale,New York
1551,9477,Berkeley,California
1552,4431,Ithaca,New York
1553,2611,Austin,Texas
1554,381,Freeville,New York
1555,8825,Brooktondale,New York
1556,142,Trumansburg,New York
1557,2358,Brooktondale,New York
1558,3338,Ithaca,New York
1559,6037,Ithaca,New York
1560,153,Austin,Texas
1561,6672,Ithaca,New York
1562,6706,Ithaca,New York
1563,1554,Piedmont,California
1564,6716,Piedmont,California
1565,8278,Austin,Texas
1566,2001,Ithaca,New York
1567,2561,Ithaca,New York
1568,3700,Ithaca,New York
1569,2642,Ithaca,New York
1570,3000,Ithaca,New York
1571,3976,Ithaca,New York
1572,4090,Austin,Texas
1573,4622,Oakland,California
1574,1222,Ithaca,New York
1575,6849,Oakland,California
1576,11,Oakland,California
1577,2906,Oakland,California
1578,7306,Oakland,California
1579,4315,Berkeley,California
1580,7763,Oakland,California
1581,11231,Ithaca,New York
1582,4509,Fremont,California
1583,8908,Fremont,California
1584,2527,Fremont,California
1585,3821,Oakland,California
1586,1970,Austin,Texas
1587,10811,Ithaca,New York
1588,2164,Freeville,New York
1589,2126,Ithaca,New York
1590,6069,Ithaca,New York
1591,6126,Ithaca,New York
1592,6240,Ithaca,New York
1593,6526,Ithaca,New York
1594,6983,Ithaca,New York
1595,7367,Ithaca,New York
1596,8503,Ithaca,New York
1597,10164,Ithaca,New York
1598,3383,Ithaca,New York
1599,8849,Newfield,New York
1600,10621,Newfield,New York
1601,792,Ithaca,New York
1602,183,Freeville,New York
1603,335,Ithaca,New York
1604,1249,Groton,New York
1605,1706,Newfield,New York
1606,3344,Freeville,New York
1607,3840,Ithaca,New York
1608,6868,Groton,New York
1609,7021,Ithaca,New York
1610,7935,Ithaca,New York
1611,9002,Ithaca,New York
1612,11421,Ithaca,New York
1613,11878,Ithaca,New York
1614,526,Ithaca,New York
1615,3403,Ithaca,New York
1616,4735,Ithaca,New York
1617,5192,Ithaca,New York
1618,6907,Groton,New York
1619,7915,Ithaca,New York
1620,10182,Ithaca,New York
1621,10202,Ithaca,New York
1622,6564,Ithaca,New York
1623,984,Ithaca,New York
1624,10488,Austin,Texas
1625,2602,Ithaca,New York
1626,7365,Lansing,New York
1627,11785,Lansing,New York
1628,5763,Austin,Texas
1629,9022,Ithaca,New York
1630,10089,Ithaca,New York
1631,9081,Ithaca,New York
1632,10983,Slaterville Springs,New York
1633,8013,Austin,Texas
1634,2851,Austin,Texas
1635,8707,Austin,Texas
1636,1748,Austin,Texas
1637,11888,Austin,Texas
1638,3373,Austin,Texas
1639,7660,Austin,Texas
1640,8992,Austin,Texas
1641,9164,Austin,Texas
1642,2383,Austin,Texas
1643,2442,Austin,Texas
1644,3715,Austin,Texas
1645,9221,Oakland,California
1646,10554,Ithaca,New York
1647,7678,Austin,Texas
1648,4364,Austin,Texas
1649,1641,Austin,Texas
1650,10179,Austin,Texas
1651,9692,Austin,Texas
1652,2791,Austin,Texas
1653,3912,Austin,Texas
1654,9629,Austin,Texas
